City_ID,City,Country,Date,Lat,Lng,Max Temp,Humidity,Cloudiness,Wind Speed
0,Beroroha,MG,2022-05-08 22:00:47,-21.6667,45.1667,68.68,79,0,1.86
1,Rikitea,PF,2022-05-08 22:00:47,-23.1203,-134.9692,76.37,77,78,19.69
2,Albany,US,2022-05-08 22:00:11,42.6001,-73.9662,63.88,29,100,1.01
3,Saint George,US,2022-05-08 21:57:19,37.1041,-113.5841,84.63,10,0,36.82
4,Atikokan,CA,2022-05-08 22:00:49,48.7555,-91.6216,48.7,93,100,13.33
5,Tasiilaq,GL,2022-05-08 22:00:50,65.6145,-37.6368,37.56,69,99,3.24
6,Hilo,US,2022-05-08 21:59:03,19.7297,-155.09,92.28,92,52,5.01
7,Hobart,AU,2022-05-08 22:00:51,-42.8794,147.3294,42.66,88,0,4.61
8,Puerto Ayora,EC,2022-05-08 22:00:52,-0.7393,-90.3518,75.04,79,51,9.44
9,Lebedyn,UA,2022-05-08 22:00:52,50.5852,34.4849,52.0,81,55,7.25
10,Ushuaia,AR,2022-05-08 22:00:26,-54.8,-68.3,37.27,83,19,6.89
11,Bengkulu,ID,2022-05-08 22:00:54,-3.8004,102.2655,77.0,82,90,3.74
12,Mapiri,BO,2022-05-08 22:00:54,-15.25,-68.1667,73.35,79,87,2.13
13,Saint-Philippe,RE,2022-05-08 22:00:55,-21.3585,55.7679,71.19,85,33,7.99
14,Harper,LR,2022-05-08 22:00:56,4.375,-7.7169,79.18,86,100,5.66
15,Port Elizabeth,ZA,2022-05-08 21:57:07,-33.918,25.5701,61.32,97,100,8.05
16,Saskylakh,RU,2022-05-08 22:00:57,71.9167,114.0833,9.57,94,95,13.67
17,Tiksi,RU,2022-05-08 22:00:57,71.6872,128.8694,8.01,94,74,4.18
18,Kigoma,TZ,2022-05-08 22:00:58,-4.8769,29.6267,74.61,76,100,2.33
19,Souillac,MU,2022-05-08 21:51:23,-20.5167,57.5167,71.98,94,20,3.44
20,Cape Town,ZA,2022-05-08 21:59:33,-33.9258,18.4232,58.91,85,0,1.14
21,Ahipara,NZ,2022-05-08 22:01:00,-35.1667,173.1667,65.73,75,98,10.4
22,Laguna,US,2022-05-08 22:01:00,38.421,-121.4238,67.14,32,75,11.5
23,Mataura,NZ,2022-05-08 22:01:01,-46.1927,168.8643,50.49,93,99,0.31
24,Torbay,CA,2022-05-08 22:01:02,47.6666,-52.7314,45.28,76,2,3.0
25,Bluff,NZ,2022-05-08 22:00:24,-46.6,168.3333,50.81,89,100,2.84
26,Hermanus,ZA,2022-05-08 22:01:03,-34.4187,19.2345,58.17,76,98,3.29
27,Pizhma,RU,2022-05-08 22:01:04,57.8642,47.1171,48.4,70,46,9.33
28,Atuona,PF,2022-05-08 22:01:05,-9.8,-139.0333,78.6,75,1,15.14
29,Lavrentiya,RU,2022-05-08 22:01:06,65.5833,-171.0,33.28,92,100,5.53
30,Alofi,NU,2022-05-08 22:01:06,-19.0595,-169.9187,80.22,78,89,17.2
31,Dera Bugti,PK,2022-05-08 22:01:07,29.0307,69.151,85.5,26,0,3.49
32,Chapais,CA,2022-05-08 22:01:08,49.7834,-74.8492,56.57,51,21,4.94
33,Plettenberg Bay,ZA,2022-05-08 22:01:09,-34.0527,23.3716,56.88,72,67,2.84
34,New Norfolk,AU,2022-05-08 22:01:10,-42.7826,147.0587,42.3,86,36,1.01
35,Westport,US,2022-05-08 22:01:11,41.1415,-73.3579,58.33,34,100,8.01
36,Mezen,RU,2022-05-08 22:01:12,65.8522,44.24,30.45,95,100,6.6
37,Yulara,AU,2022-05-08 22:01:13,-25.2406,130.9889,50.14,37,100,9.1
38,Yershov,RU,2022-05-08 22:01:13,51.3513,48.2766,46.98,60,97,5.95
39,Dawei,MM,2022-05-08 22:01:14,14.0833,98.2,77.63,88,100,2.53
40,Nikolskoye,RU,2022-05-08 22:01:15,59.7035,30.7861,40.71,87,49,5.53
41,Barrow,US,2022-05-08 22:00:16,71.2906,-156.7887,30.22,86,100,11.5
42,Kapaa,US,2022-05-08 22:01:16,22.0752,-159.319,82.38,81,61,5.01
43,Ponta Do Sol,PT,2022-05-08 22:01:17,32.6667,-17.1,63.23,74,66,7.07
44,Hirara,JP,2022-05-08 22:01:17,24.8,125.2833,75.47,94,75,5.75
45,Vardo,NO,2022-05-08 22:02:18,70.3705,31.1107,28.38,74,75,16.11
46,Hithadhoo,MV,2022-05-08 22:02:19,-0.6,73.0833,81.97,82,100,22.39
47,Nanortalik,GL,2022-05-08 22:02:19,60.1432,-45.2371,37.2,89,100,0.45
48,Carolina,PR,2022-05-08 22:01:38,18.3808,-65.9574,84.52,79,40,17.27
49,Bambous Virieux,MU,2022-05-08 22:02:21,-20.3428,57.7575,72.21,88,20,4.61
50,Busselton,AU,2022-05-08 22:02:21,-33.65,115.3333,55.42,83,1,3.0
51,Flagstaff,US,2022-05-08 22:02:22,35.1981,-111.6513,70.11,16,0,29.93
52,Pevek,RU,2022-05-08 21:55:45,69.7008,170.3133,22.73,85,100,11.18
53,Lebu,CL,2022-05-08 22:02:12,-37.6167,-73.65,55.69,97,100,3.4
54,Koriyama,JP,2022-05-08 22:02:24,37.4,140.3833,51.55,71,75,2.3
55,Vanimo,PG,2022-05-08 22:02:24,-2.6741,141.3028,80.69,85,100,6.22
56,Bay Roberts,CA,2022-05-08 22:02:25,47.5999,-53.2648,46.04,54,2,1.99
57,Belmonte,BR,2022-05-08 22:02:26,-15.8631,-38.8828,75.24,85,95,9.1
58,Itapirapua,BR,2022-05-08 22:02:27,-15.8233,-50.6133,80.19,54,67,4.92
59,Cabedelo,BR,2022-05-08 22:01:19,-6.9811,-34.8339,79.68,78,99,13.89
60,Naze,JP,2022-05-08 21:55:58,28.3667,129.4833,70.72,91,98,7.54
61,Ribeira Grande,PT,2022-05-08 22:02:28,38.5167,-28.7,62.94,79,27,5.84
62,Provideniya,RU,2022-05-08 22:02:29,64.3833,-173.3,33.15,95,84,10.6
63,Clyde River,CA,2022-05-08 21:55:16,70.4692,-68.5914,28.63,86,100,0.0
64,Roald,NO,2022-05-08 22:02:30,62.5833,6.1333,50.92,71,75,13.8
65,Cidreira,BR,2022-05-08 22:00:13,-30.1811,-50.2056,66.76,79,0,14.05
66,Svetlogorsk,BY,2022-05-08 22:02:31,52.6333,29.7333,49.6,91,95,9.82
67,Paamiut,GL,2022-05-08 22:02:32,61.994,-49.6678,33.03,88,100,19.3
68,Punta Arenas,CL,2022-05-08 22:00:48,-53.15,-70.9167,44.11,65,20,23.0
69,East London,ZA,2022-05-08 22:02:33,-33.0153,27.9116,63.18,75,96,11.41
70,Ahuimanu,US,2022-05-08 22:02:34,21.4447,-157.8378,81.54,74,25,7.0
71,Mariestad,SE,2022-05-08 22:02:35,58.7097,13.8237,37.87,61,13,4.25
72,Yellowknife,CA,2022-05-08 22:01:06,62.456,-114.3525,24.57,92,100,27.0
73,Shishou,CN,2022-05-08 22:02:36,29.7226,112.419,64.04,90,95,11.05
74,Avarua,CK,2022-05-08 22:02:37,-21.2078,-159.775,81.03,78,59,13.0
75,Faanui,PF,2022-05-08 22:02:37,-16.4833,-151.75,82.11,75,0,12.62
76,Jamestown,US,2022-05-08 22:02:39,42.097,-79.2353,67.51,16,0,0.0
77,Taoudenni,ML,2022-05-08 21:55:53,22.6783,-3.9836,86.32,8,25,10.45
78,Enterprise,US,2022-05-08 22:02:40,36.0252,-115.2419,84.29,14,75,27.63
79,Clarksburg,US,2022-05-08 22:02:30,39.2807,-80.3445,69.91,43,0,8.95
80,Henties Bay,NA,2022-05-08 22:02:42,-22.116,14.2845,60.26,67,0,5.93
81,Ambulu,ID,2022-05-08 22:02:43,-8.345,113.6058,76.06,90,94,2.86
82,Mount Isa,AU,2022-05-08 22:00:44,-20.7333,139.5,69.57,68,100,5.75
83,Codrington,AU,2022-05-08 22:02:44,-38.2667,141.9667,46.6,90,61,6.46
84,Flinders,AU,2022-05-08 22:01:01,-34.5833,150.8552,58.17,87,94,5.01
85,Kaitangata,NZ,2022-05-08 21:54:17,-46.2817,169.8464,52.68,91,89,2.28
86,Evensk,RU,2022-05-08 22:02:45,61.95,159.2333,31.08,92,95,3.96
87,Daru,PG,2022-05-08 22:02:46,-9.0763,143.2092,81.95,90,69,9.91
88,Tuatapere,NZ,2022-05-08 22:03:47,-46.1333,167.6833,53.37,87,100,2.3
89,Bardiyah,LY,2022-05-08 22:03:48,31.7561,25.0865,63.37,88,0,21.25
90,Swan Hill,AU,2022-05-08 22:03:48,-35.3378,143.5544,48.13,71,4,4.27
91,Awjilah,LY,2022-05-08 22:03:49,29.1081,21.2869,71.73,33,0,13.47
92,Bulgan,MN,2022-05-08 22:03:50,48.8125,103.5347,34.02,78,100,8.41
93,Port Augusta,AU,2022-05-08 22:03:39,-32.5,137.7667,53.31,69,79,4.47
94,Vaini,TO,2022-05-08 22:03:51,-21.2,-175.2,78.96,69,20,9.22
95,Vaitape,PF,2022-05-08 22:03:52,-16.5167,-151.75,82.11,75,0,12.5
96,Anbu,CN,2022-05-08 22:03:53,23.449,116.6809,71.55,81,100,3.58
97,Chokurdakh,RU,2022-05-08 22:00:15,70.6333,147.9167,16.43,86,61,8.88
98,Yar-Sale,RU,2022-05-08 22:03:54,66.8333,70.8333,35.2,100,100,10.51
99,Norman Wells,CA,2022-05-08 22:03:54,65.282,-126.8329,44.58,54,100,1.59
100,Sangar,RU,2022-05-08 22:03:55,63.9242,127.4739,32.23,95,99,6.87
101,Arraial Do Cabo,BR,2022-05-08 22:03:56,-22.9661,-42.0278,73.04,68,47,12.37
102,Mariental,NA,2022-05-08 22:03:56,-24.6333,17.9667,52.27,28,0,9.69
103,Hasaki,JP,2022-05-08 22:03:57,35.7333,140.8333,61.2,54,100,11.72
104,Raga,SS,2022-05-08 22:03:58,8.4596,25.678,77.81,65,100,6.08
105,Tuktoyaktuk,CA,2022-05-08 22:01:45,69.4541,-133.0374,35.71,89,47,12.77
106,Dikson,RU,2022-05-08 22:01:32,73.5069,80.5464,26.8,95,100,26.71
107,Bethel,US,2022-05-08 22:03:59,41.3712,-73.414,57.63,40,100,14.97
108,San Patricio,US,2022-05-08 22:04:01,28.017,-97.5169,90.32,55,1,20.42
109,Tutoia,BR,2022-05-08 22:04:01,-2.7619,-42.2744,77.52,91,100,8.48
110,Bako,ET,2022-05-08 22:04:02,5.7833,36.5667,63.36,89,39,3.87
111,Soyo,AO,2022-05-08 22:04:03,-6.1349,12.3689,77.97,91,22,5.14
112,Khatanga,RU,2022-05-08 22:04:04,71.9667,102.5,4.62,96,45,8.9
113,Zhigansk,RU,2022-05-08 22:04:05,66.7697,123.3711,18.68,93,100,25.19
114,Rawson,AR,2022-05-08 22:04:05,-43.3002,-65.1023,60.62,37,35,9.64
115,Cherskiy,RU,2022-05-08 22:04:06,68.75,161.3,25.11,89,100,12.95
116,Coihaique,CL,2022-05-08 22:02:41,-45.5752,-72.0662,41.61,91,7,7.47
117,Qaanaaq,GL,2022-05-08 22:03:00,77.484,-69.3632,24.4,81,100,3.09
118,Balaguer,ES,2022-05-08 22:04:08,41.7912,0.8109,64.42,75,94,6.46
119,Carnarvon,AU,2022-05-08 22:04:09,-24.8667,113.6333,60.87,94,0,9.22
120,Iskateley,RU,2022-05-08 22:04:10,67.6803,53.1512,28.29,94,100,6.55
121,Manggar,ID,2022-05-08 22:04:11,-2.8833,108.2667,82.31,80,100,6.35
122,Kuantan,MY,2022-05-08 22:04:12,3.8077,103.326,77.59,93,100,2.64
123,Charters Towers,AU,2022-05-08 22:01:44,-20.1,146.2667,68.45,90,100,11.52
124,Ginir,ET,2022-05-08 22:04:13,7.1333,40.7,58.21,78,56,5.44
125,Xining,CN,2022-05-08 22:00:12,36.6167,101.7667,44.98,79,1,2.01
126,Constitucion,CL,2022-05-08 22:00:57,-35.3333,-72.4167,54.3,92,100,6.44
127,Novolabinskaya,RU,2022-05-08 22:04:15,45.1096,39.894,48.83,79,84,0.76
128,Belyy,RU,2022-05-08 22:04:16,55.8402,32.9419,36.43,74,68,5.32
129,Bachaquero,VE,2022-05-08 22:04:17,9.9694,-71.1494,86.36,67,47,3.53
130,Tessalit,ML,2022-05-08 22:02:16,20.1986,1.0114,81.14,8,0,10.11
131,Ulaanbaatar,MN,2022-05-08 21:59:43,47.9077,106.8832,37.53,87,75,8.95
132,Arivonimamo,MG,2022-05-08 22:04:18,-19.0167,47.1833,62.65,93,2,2.48
133,Los Llanos De Aridane,ES,2022-05-08 22:05:19,28.6585,-17.9182,62.35,77,0,11.5
134,Bredasdorp,ZA,2022-05-08 22:05:20,-34.5322,20.0403,54.81,85,100,3.91
135,Airai,TL,2022-05-08 22:05:20,-8.9266,125.4092,57.96,89,51,4.18
136,Abu Kamal,SY,2022-05-08 22:05:21,34.4506,40.9171,69.03,32,0,5.7
137,Cabo San Lucas,MX,2022-05-08 22:00:45,22.8909,-109.9124,87.62,54,96,15.35
138,Islamkot,PK,2022-05-08 22:05:22,24.6997,70.177,79.2,69,0,12.48
139,Ewa Beach,US,2022-05-08 22:05:23,21.3156,-158.0072,84.15,56,75,17.27
140,Asosa,ET,2022-05-08 22:05:24,10.0667,34.5333,66.58,74,98,4.7
141,Upernavik,GL,2022-05-08 22:02:54,72.7868,-56.1549,16.52,83,60,5.86
142,Celestun,MX,2022-05-08 22:05:25,20.8667,-90.4,87.87,67,1,12.44
143,Caravelas,BR,2022-05-08 22:05:26,-17.7125,-39.2481,72.61,89,100,9.17
144,Tezu,IN,2022-05-08 21:55:40,27.9167,96.1667,72.41,70,2,4.68
145,Ust-Omchug,RU,2022-05-08 22:05:27,61.15,149.6333,29.53,83,49,2.48
146,San Cristobal,VE,2022-05-08 22:05:28,7.7669,-72.225,78.98,73,85,5.03
147,Komsomolskiy,UZ,2022-05-08 22:05:30,40.4272,71.7189,74.82,32,0,2.8
148,Oranjestad,AW,2022-05-08 22:05:31,12.524,-70.027,79.88,86,33,23.49
149,San Fernando,PH,2022-05-08 22:05:32,15.0286,120.6898,82.13,81,48,4.52
150,Thompson,CA,2022-05-08 21:55:51,55.7435,-97.8558,59.16,44,40,18.41
151,Mahebourg,MU,2022-05-08 22:05:33,-20.4081,57.7,72.25,88,20,4.61
152,Zhezkazgan,KZ,2022-05-08 22:05:34,47.8043,67.7144,53.62,33,100,17.54
153,Yuanli,TW,2022-05-08 22:05:35,24.4397,120.6535,74.86,94,75,10.36
154,Hami,CN,2022-05-08 22:05:36,42.8,93.45,66.42,31,6,6.8
155,Teplodar,UA,2022-05-08 22:05:37,46.5059,30.3252,47.21,58,6,4.97
156,Dryden,CA,2022-05-08 22:05:38,49.7833,-92.7503,46.69,100,100,9.22
157,Burns Lake,CA,2022-05-08 22:05:39,54.2331,-125.7533,46.4,56,100,7.96
158,Birao,CF,2022-05-08 22:05:40,10.2849,22.7882,88.2,25,88,5.08
159,Yumen,CN,2022-05-08 22:05:40,40.2833,97.2,58.6,42,72,8.1
160,Alyangula,AU,2022-05-08 22:05:41,-13.8483,136.4192,80.56,77,5,11.9
161,Rodrigues Alves,BR,2022-05-08 22:05:42,-7.738,-72.6509,79.5,75,96,0.98
162,Sao Felix Do Xingu,BR,2022-05-08 22:05:43,-6.6447,-51.995,77.9,78,65,2.71
163,Pokhara,NP,2022-05-08 22:03:01,28.2333,83.9833,66.94,65,11,6.26
164,Inta,RU,2022-05-08 22:05:44,66.0317,60.1659,46.09,77,99,15.32
165,Butaritari,KI,2022-05-08 22:05:45,3.0707,172.7902,81.82,79,13,18.32
166,Richards Bay,ZA,2022-05-08 22:05:46,-28.783,32.0377,65.3,89,97,10.27
167,Saldanha,ZA,2022-05-08 22:05:47,-33.0117,17.9442,57.27,88,100,7.65
168,Soria,ES,2022-05-08 22:05:48,41.6667,-2.6667,51.12,94,21,3.13
169,Hoganas,SE,2022-05-08 22:05:49,56.1997,12.558,47.44,80,16,1.99
170,Leningradskiy,RU,2022-05-08 22:05:49,69.3833,178.4167,26.26,91,100,8.37
171,Poum,NC,2022-05-08 22:05:50,-20.2333,164.0167,77.16,62,100,19.55
172,Katangli,RU,2022-05-08 22:05:51,51.7102,143.2326,32.04,99,95,13.0
173,Olympia,US,2022-05-08 22:01:46,47.0379,-122.9007,57.11,64,81,5.99
174,Nevel,RU,2022-05-08 22:05:52,56.0209,29.9284,39.4,59,81,6.15
175,Qaqortoq,GL,2022-05-08 22:05:53,60.7167,-46.0333,37.99,80,91,4.41
176,Ancud,CL,2022-05-08 22:05:54,-41.8697,-73.8203,51.51,87,49,3.89
177,Port Alfred,ZA,2022-05-08 22:05:54,-33.5906,26.891,56.17,92,99,1.99
178,Katsuura,JP,2022-05-08 22:05:55,35.1333,140.3,62.33,69,100,13.49
179,Carauari,BR,2022-05-08 22:05:56,-4.8828,-66.8958,76.42,95,37,2.73
180,Khani,GE,2022-05-08 22:06:57,41.9563,42.9566,42.37,99,100,1.52
181,Qasigiannguit,GL,2022-05-08 22:06:17,68.8193,-51.1922,28.65,83,4,0.43
182,Asau,RO,2022-05-08 22:06:58,46.4333,26.4,52.95,80,99,2.15
183,Pitea,SE,2022-05-08 22:06:59,65.3172,21.4794,35.69,69,35,6.91
184,Kavieng,PG,2022-05-08 22:07:00,-2.5744,150.7967,84.81,66,97,18.39
185,Lisakovsk,KZ,2022-05-08 22:07:01,52.5369,62.4936,46.87,39,49,8.32
186,Georgetown,MY,2022-05-08 22:03:28,5.4112,100.3354,82.33,83,20,5.75
187,Port Hedland,AU,2022-05-08 22:07:02,-20.3167,118.5667,69.85,40,89,8.05
188,Benguela,AO,2022-05-08 22:07:02,-12.5763,13.4055,74.73,81,4,0.83
189,Chicama,PE,2022-05-08 22:07:03,-7.8447,-79.1469,61.34,74,100,8.14
190,Prince Albert,CA,2022-05-08 22:03:35,53.2001,-105.7677,56.41,38,92,14.09
191,Gunjur,GM,2022-05-08 22:07:05,13.2019,-16.7339,73.47,83,0,10.36
192,Salalah,OM,2022-05-08 22:07:06,17.0151,54.0924,84.29,74,40,5.75
193,Mnogovershinnyy,RU,2022-05-08 22:07:06,53.9353,139.9242,32.47,73,98,8.63
194,Esperance,AU,2022-05-08 22:07:07,-33.8667,121.9,59.54,48,1,8.63
195,Iqaluit,CA,2022-05-08 22:07:08,63.7506,-68.5145,29.7,63,87,4.94
196,Margate,GB,2022-05-08 22:07:09,51.3813,1.3862,49.3,81,6,3.0
197,Pisco,PE,2022-05-08 22:06:39,-13.7,-76.2167,68.05,77,0,20.71
198,Vaida,EE,2022-05-08 22:07:10,59.2906,24.9658,40.93,60,0,9.22
199,Nhulunbuy,AU,2022-05-08 22:07:10,-12.2333,136.7667,83.01,83,75,10.36
200,Marsh Harbour,BS,2022-05-08 22:05:50,26.5412,-77.0636,78.1,74,0,11.05
201,Victoria,HK,2022-05-08 22:06:33,22.2855,114.1577,77.38,81,100,5.99
202,Shiojiri,JP,2022-05-08 22:07:12,36.1,137.9667,45.57,70,79,0.92
203,Nouadhibou,MR,2022-05-08 22:07:13,20.931,-17.0347,65.03,90,18,20.18
204,Cayenne,GF,2022-05-08 22:07:14,4.9333,-52.3333,82.09,1,40,3.44
205,Bandarbeyla,SO,2022-05-08 22:07:14,9.4942,50.8122,82.47,83,14,8.7
206,Whitehorse,CA,2022-05-08 22:07:15,60.7161,-135.0538,43.16,89,21,5.1
207,Umm Kaddadah,SD,2022-05-08 22:07:16,13.6017,26.6876,82.72,7,56,12.73
208,Longyearbyen,SJ,2022-05-08 22:07:16,78.2186,15.6401,15.64,57,40,19.57
209,Forestville,US,2022-05-08 22:06:09,38.8451,-76.875,56.73,49,20,13.8
210,Kousseri,CM,2022-05-08 22:07:18,12.0769,15.0306,93.74,27,75,4.03
211,Neiafu,TO,2022-05-08 22:07:18,-18.65,-173.9833,81.28,74,20,6.91
212,Rosrath,DE,2022-05-08 22:07:19,50.8956,7.1818,56.12,74,0,2.3
213,Ponta Delgada,PT,2022-05-08 22:07:20,37.7333,-25.6667,64.51,88,20,5.75
214,Catuday,PH,2022-05-08 22:07:20,16.2923,119.8062,80.98,69,57,8.43
215,Livingston,GB,2022-05-08 22:07:21,55.9029,-3.5226,53.58,79,0,4.61
216,Freetown,SL,2022-05-08 22:07:22,8.484,-13.2299,78.82,84,100,8.01
217,Sao Gabriel Da Cachoeira,BR,2022-05-08 22:07:23,-0.1303,-67.0892,76.59,95,63,1.7
218,Kruisfontein,ZA,2022-05-08 22:07:23,-34.0033,24.7314,55.42,67,96,4.0
219,Huilong,CN,2022-05-08 22:07:24,31.8111,121.655,61.93,70,5,12.15
220,Imeni Poliny Osipenko,RU,2022-05-08 22:07:25,52.4201,136.4853,40.05,76,27,7.38
221,Port Blair,IN,2022-05-08 22:07:25,11.6667,92.75,83.01,81,98,16.62
222,La Libertad,EC,2022-05-08 22:07:26,-2.2333,-80.9,74.86,83,0,14.97
223,Mar Del Plata,AR,2022-05-08 22:07:27,-38.0023,-57.5575,68.88,72,0,16.11
224,Kaiyuan,CN,2022-05-08 22:07:28,23.6977,103.3037,63.79,96,21,5.37
225,Xianyang,CN,2022-05-08 22:07:29,34.3378,108.7026,55.26,94,100,5.17
226,Carambei,BR,2022-05-08 22:08:30,-24.9178,-50.0972,52.95,86,7,4.45
227,Mareeba,AU,2022-05-08 22:08:30,-17.0,145.4333,72.45,93,29,7.47
228,Maniitsoq,GL,2022-05-08 22:08:31,65.4167,-52.9,31.73,83,47,16.78
229,Hofn,IS,2022-05-08 22:08:32,64.2539,-15.2082,46.33,99,100,7.9
230,Bixby,US,2022-05-08 22:04:23,35.942,-95.8833,90.55,58,0,17.27
231,Bilibino,RU,2022-05-08 22:08:33,68.0546,166.4372,23.79,81,100,5.01
232,Balikpapan,ID,2022-05-08 22:08:34,-1.2675,116.8289,77.99,94,40,3.44
233,Atasu,KZ,2022-05-08 22:08:34,48.6814,71.6433,44.4,35,63,16.49
234,Saint-Francois,FR,2022-05-08 22:08:35,46.4154,3.9054,55.67,76,0,4.61
235,Keflavik,IS,2022-05-08 22:08:36,64.0049,-22.5624,48.63,93,100,19.57
236,Kropotkin,RU,2022-05-08 22:08:37,45.4375,40.5756,47.21,80,94,4.21
237,Solnechnyy,RU,2022-05-08 22:08:37,50.7214,136.6319,45.05,62,99,8.99
238,Geraldton,AU,2022-05-08 22:06:41,-28.7667,114.6,54.01,87,40,5.75
239,Erzin,TR,2022-05-08 22:08:39,36.9559,36.2,58.71,72,38,3.02
240,Comodoro Rivadavia,AR,2022-05-08 22:08:39,-45.8667,-67.5,58.86,29,0,8.05
241,Baiao,BR,2022-05-08 22:08:40,-2.7906,-49.6717,74.52,98,100,3.24
242,Hun,LY,2022-05-08 22:08:41,29.1268,15.9477,67.62,46,0,12.46
243,Jamame,SO,2022-05-08 22:08:42,0.0722,42.7506,77.65,91,98,7.14
244,Honningsvag,NO,2022-05-08 22:08:43,70.9821,25.9704,31.75,80,20,18.41
245,Aklavik,CA,2022-05-08 22:08:43,68.2191,-135.0107,43.0,67,26,8.34
246,Sohag,EG,2022-05-08 22:07:18,26.557,31.6948,85.95,14,99,3.65
247,Pangnirtung,CA,2022-05-08 22:08:44,66.1451,-65.7125,27.03,89,87,2.86
248,Cabra,ES,2022-05-08 22:08:45,37.4725,-4.4421,66.65,52,99,3.4
249,Nome,US,2022-05-08 22:08:46,64.5011,-165.4064,32.16,93,100,20.71
250,Dongsheng,CN,2022-05-08 22:08:46,39.8161,109.9776,48.2,54,90,7.49
251,Port Hardy,CA,2022-05-08 22:08:47,50.6996,-127.4199,48.0,69,46,16.08
252,Santa Cruz Cabralia,BR,2022-05-08 22:08:34,-16.2781,-39.0247,73.63,88,75,3.44
253,Luderitz,NA,2022-05-08 22:08:48,-26.6481,15.1594,60.98,42,60,9.08
254,Klaksvik,FO,2022-05-08 22:08:49,62.2266,-6.589,49.12,98,100,20.47
255,Ankara,TR,2022-05-08 22:04:54,39.9199,32.8543,51.21,67,0,3.44
256,Shingu,JP,2022-05-08 22:08:50,33.7333,135.9833,63.99,71,71,4.76
257,Lompoc,US,2022-05-08 22:07:53,34.6391,-120.4579,71.56,58,0,20.71
258,Morant Bay,JM,2022-05-08 22:08:52,17.8815,-76.4093,83.82,71,9,9.37
259,Joacaba,BR,2022-05-08 22:08:52,-27.1781,-51.5047,55.76,88,0,3.13
260,Buritis,BR,2022-05-08 22:08:53,-15.6178,-46.4233,78.15,46,72,3.0
261,Sola,VU,2022-05-08 22:08:54,-13.8833,167.55,80.53,74,60,24.47
262,Antofagasta,CL,2022-05-08 22:08:54,-23.65,-70.4,63.68,84,3,7.99
263,Talcahuano,CL,2022-05-08 22:08:55,-36.7167,-73.1167,55.08,94,100,6.91
264,Maraba,BR,2022-05-08 22:08:56,-5.3686,-49.1178,78.98,100,20,0.0
265,Faya,SA,2022-05-08 22:08:56,18.3851,42.4509,66.72,56,0,0.98
266,Millau,FR,2022-05-08 22:08:57,44.0833,2.9167,57.33,87,69,2.59
267,Timra,SE,2022-05-08 22:08:58,62.487,17.3257,37.08,81,75,2.3
268,Fastovetskaya,RU,2022-05-08 22:08:59,45.9189,40.1589,48.18,79,90,5.32
269,Sept-Iles,CA,2022-05-08 22:07:03,50.2001,-66.3821,42.57,77,21,5.17
270,Rundu,NA,2022-05-08 22:09:00,-17.9333,19.7667,61.39,31,0,3.8
271,Kavaratti,IN,2022-05-08 22:09:00,10.5669,72.642,85.01,69,98,14.56
272,Sydney,AU,2022-05-08 22:05:40,-33.8679,151.2073,59.72,84,75,13.8
273,Jishou,CN,2022-05-08 22:10:02,28.3167,109.7167,66.67,95,100,1.63
274,Kushmurun,KZ,2022-05-08 22:10:02,52.4503,64.6311,49.17,40,68,9.24
275,Tikhvin,RU,2022-05-08 22:10:03,59.6451,33.5294,38.21,81,100,6.33
276,Raudeberg,NO,2022-05-08 22:10:04,61.9875,5.1352,46.96,59,100,21.36
277,Maceio,BR,2022-05-08 22:06:52,-9.6658,-35.7353,76.44,88,75,2.3
278,Seoul,KR,2022-05-08 22:05:05,37.5683,126.9778,53.04,70,70,2.71
279,Nizhnyaya Omka,RU,2022-05-08 22:10:05,55.4338,74.9426,44.73,75,10,3.94
280,Guilin,CN,2022-05-08 22:10:06,25.2819,110.2864,69.48,93,99,0.25
281,Oyama,JP,2022-05-08 22:10:07,36.3,139.8,62.58,58,100,5.35
282,Vao,NC,2022-05-08 22:10:08,-22.6667,167.4833,73.44,69,97,11.92
283,Marzuq,YE,2022-05-08 22:07:51,14.4,46.4667,75.25,55,54,4.65
284,Nuuk,GL,2022-05-08 22:10:09,64.1835,-51.7216,32.61,93,75,13.8
285,Biak,ID,2022-05-08 22:10:10,-0.9131,122.8766,77.29,86,98,5.86
286,Havelock,US,2022-05-08 22:10:10,34.8791,-76.9013,53.96,93,100,5.01
287,Fairbanks,US,2022-05-08 22:10:11,64.8378,-147.7164,45.3,57,75,10.36
288,Matagami,CA,2022-05-08 22:10:12,49.7502,-77.6328,64.62,27,52,7.52
289,Namibe,AO,2022-05-08 22:10:13,-15.1961,12.1522,73.44,61,0,8.23
290,College,US,2022-05-08 22:10:13,64.8569,-147.8028,45.28,57,75,10.36
291,Sabang,ID,2022-05-08 22:10:15,5.8933,95.3214,82.67,74,100,6.44
292,Sao Filipe,CV,2022-05-08 22:10:15,14.8961,-24.4956,73.67,74,0,14.23
293,Castro,BR,2022-05-08 22:10:16,-24.7911,-50.0119,54.36,88,2,3.89
294,Kommunar,RU,2022-05-08 22:10:17,59.6206,30.39,40.44,79,34,6.49
295,Tiarei,PF,2022-05-08 22:10:18,-17.5333,-149.3333,86.02,79,26,10.11
296,Tacoronte,ES,2022-05-08 22:10:18,28.4769,-16.4102,69.46,40,0,5.75
297,Itarema,BR,2022-05-08 22:10:19,-2.9248,-39.9167,77.22,90,100,9.37
298,Cape Canaveral,US,2022-05-08 22:10:20,28.4058,-80.6048,84.27,69,0,10.36
299,Vila Velha,BR,2022-05-08 22:09:50,-20.3297,-40.2925,75.15,78,40,12.66
300,Misratah,LY,2022-05-08 22:10:22,32.3754,15.0925,62.89,79,1,6.62
301,Gambo,CF,2022-05-08 22:10:22,4.6482,22.2633,70.74,96,80,2.84
302,Bielsk Podlaski,PL,2022-05-08 22:10:23,52.7651,23.1865,50.25,87,99,7.56
303,Lugovoy,KZ,2022-05-08 22:10:24,42.9472,72.7644,59.16,60,3,4.85
304,West Bay,KY,2022-05-08 22:10:24,19.3667,-81.4167,87.08,75,40,9.22
305,Chanika,TZ,2022-05-08 22:10:25,-5.4167,38.0167,65.55,99,95,2.42
306,Nicoya,CR,2022-05-08 22:10:26,10.1483,-85.452,85.37,68,73,4.88
307,Bonavista,CA,2022-05-08 22:10:27,48.6499,-53.1147,33.44,71,3,6.58
308,Berbera,SO,2022-05-08 22:06:20,10.4396,45.0143,84.16,74,20,3.06
309,Saint-Augustin,CA,2022-05-08 22:10:28,51.226,-58.6502,44.38,54,96,9.62
310,Dingle,PH,2022-05-08 22:10:28,10.9995,122.6711,78.04,87,95,7.9
311,Turukhansk,RU,2022-05-08 22:10:29,65.8167,87.9833,4.96,98,54,3.09
312,Ostrovnoy,RU,2022-05-08 22:10:30,68.0531,39.5131,26.24,79,29,7.99
313,Necochea,AR,2022-05-08 22:10:31,-38.5473,-58.7368,64.81,70,16,8.66
314,Pudozh,RU,2022-05-08 22:10:31,61.8099,36.5345,35.28,88,98,2.46
315,Roebourne,AU,2022-05-08 22:10:32,-20.7833,117.1333,75.2,37,99,12.5
316,Inuvik,CA,2022-05-08 22:10:33,68.3499,-133.7218,42.3,74,21,11.72
317,Camocim,BR,2022-05-08 22:10:33,-2.9022,-40.8411,78.13,87,100,9.4
318,Port-Cartier,CA,2022-05-08 22:10:34,50.0334,-66.8654,46.02,75,12,6.42
319,Nishihara,JP,2022-05-08 22:11:35,26.1842,127.7558,75.25,94,75,6.91
320,Port Lincoln,AU,2022-05-08 22:11:36,-34.7333,135.8667,57.69,75,98,7.7
321,Ucluelet,CA,2022-05-08 22:10:06,48.9329,-125.5528,54.09,71,51,5.01
322,Pochutla,MX,2022-05-08 22:11:37,15.7432,-96.4661,91.22,46,58,8.77
323,Egvekinot,RU,2022-05-08 22:11:37,66.3167,-179.1667,28.13,92,100,2.13
324,Hearst,CA,2022-05-08 22:11:38,49.6835,-83.6665,70.66,23,37,9.84
325,Mehamn,NO,2022-05-08 22:11:39,71.0357,27.8492,30.11,77,99,17.63
326,Kodiak,US,2022-05-08 22:11:39,57.79,-152.4072,49.51,40,0,18.41
327,Sitka,US,2022-05-08 22:11:40,57.0531,-135.33,53.49,62,20,20.71
328,Roma,US,2022-05-08 22:07:52,43.2128,-75.4557,66.34,20,0,9.22
329,Kamiiso,JP,2022-05-08 22:11:41,41.8167,140.65,51.75,53,22,10.36
330,La Macarena,CO,2022-05-08 22:11:42,2.1837,-73.7849,80.11,78,97,3.11
331,Nantucket,US,2022-05-08 22:11:43,41.2835,-70.0995,50.11,53,40,21.85
332,Osakarovka,KZ,2022-05-08 22:11:44,50.565,72.5692,41.65,42,10,10.38
333,Goderich,CA,2022-05-08 22:11:44,43.7501,-81.7165,56.91,56,11,10.94
334,Narsaq,GL,2022-05-08 22:11:46,60.9167,-46.05,50.22,77,86,3.69
335,Lufilufi,WS,2022-05-08 22:11:46,-13.8745,-171.5986,85.78,71,98,8.88
336,Ballina,AU,2022-05-08 22:11:47,-28.8667,153.5667,60.01,95,100,12.62
337,Lagoa,PT,2022-05-08 22:11:48,39.05,-27.9833,61.5,83,52,9.82
338,Fort Nelson,CA,2022-05-08 22:11:49,58.8053,-122.7002,34.16,92,100,14.2
339,Road Town,VG,2022-05-08 22:11:50,18.4167,-64.6167,80.69,82,63,13.24
340,Avera,US,2022-05-08 22:11:50,33.194,-82.5271,70.56,48,73,7.34
341,Trairi,BR,2022-05-08 22:11:51,-3.2778,-39.2689,76.35,91,99,6.6
342,Bondoukou,CI,2022-05-08 22:11:52,8.0333,-2.8,71.71,94,100,4.21
343,Srednekolymsk,RU,2022-05-08 22:11:53,67.45,153.6833,32.54,87,37,8.32
344,Kokopo,PG,2022-05-08 22:11:53,-4.352,152.2633,81.28,75,91,1.03
345,Dibulla,CO,2022-05-08 22:11:54,11.2725,-73.3091,81.79,85,84,3.15
346,Momignies,BE,2022-05-08 22:11:55,50.0271,4.1652,49.95,80,0,7.63
347,Quebo,GW,2022-05-08 22:11:56,11.3333,-14.9333,76.03,81,94,5.59
348,Bubaque,GW,2022-05-08 22:11:56,11.2833,-15.8333,76.48,75,37,5.35
349,Severo-Kurilsk,RU,2022-05-08 22:11:57,50.6789,156.125,38.57,95,100,17.22
350,Ibirama,BR,2022-05-08 22:09:22,-27.0569,-49.5178,57.43,95,0,2.64
351,Baghdad,IQ,2022-05-08 22:08:55,33.3406,44.4009,66.11,39,0,4.61
352,Baiyin,CN,2022-05-08 22:11:58,36.5583,104.2081,44.1,82,0,2.62
353,Lishu,CN,2022-05-08 22:11:59,43.3047,124.3278,50.09,33,0,7.29
354,Keffi,NG,2022-05-08 22:12:00,8.8486,7.8736,83.03,61,70,3.33
355,Umba,RU,2022-05-08 22:12:01,66.6871,34.3429,31.96,93,91,6.22
356,Nizhniy Kuranakh,RU,2022-05-08 22:12:02,58.8353,125.4869,36.36,97,100,5.23
357,Homer,US,2022-05-08 22:12:02,59.6425,-151.5483,46.29,66,0,13.8
358,Burleson,US,2022-05-08 22:07:24,32.5421,-97.3208,95.97,52,0,17.27
359,Kudahuvadhoo,MV,2022-05-08 22:12:03,2.6708,72.8944,84.04,78,100,18.99
360,Bratca,RO,2022-05-08 22:12:04,46.9333,22.6167,54.18,80,100,3.67
361,Baherden,TM,2022-05-08 22:12:05,38.4362,57.4316,67.28,68,85,8.59
362,Simao,CN,2022-05-08 22:12:06,22.7886,100.9748,61.36,97,49,2.04
363,Meulaboh,ID,2022-05-08 22:12:06,4.1363,96.1285,77.13,88,100,3.96
364,Labuhan,ID,2022-05-08 22:13:07,-6.8844,112.2051,78.67,88,98,3.67
365,Kiruna,SE,2022-05-08 22:13:08,67.8557,20.2251,29.32,74,20,11.5
366,Ambunti,PG,2022-05-08 22:13:09,-4.2365,142.8448,78.01,94,100,0.85
367,Gillette,US,2022-05-08 22:10:06,44.2911,-105.5022,62.06,22,20,11.5
368,Padang,ID,2022-05-08 22:13:10,-0.9492,100.3543,78.55,81,87,3.58
369,Mount Gambier,AU,2022-05-08 22:13:10,-37.8333,140.7667,44.8,89,90,4.41
370,Kiunga,PG,2022-05-08 22:13:11,-6.1219,141.2906,76.77,99,100,0.58
371,Kenai,US,2022-05-08 22:13:12,60.5544,-151.2583,57.02,40,0,13.8
372,Ilheus,BR,2022-05-08 22:13:12,-14.7889,-39.0494,72.09,93,92,6.35
373,Axim,GH,2022-05-08 22:13:13,4.8699,-2.2405,81.07,82,86,10.31
374,Salinopolis,BR,2022-05-08 22:13:14,-0.6136,-47.3561,76.24,91,100,1.9
375,Karatau,KZ,2022-05-08 22:13:15,43.1667,70.4667,61.05,48,32,4.27
376,Fortuna,US,2022-05-08 22:10:22,40.5982,-124.1573,50.99,84,75,10.36
377,Khandbari,NP,2022-05-08 22:13:16,27.3747,87.2039,68.56,80,97,2.53
378,Vammala,FI,2022-05-08 22:13:16,61.3333,22.9,36.57,70,36,5.73
379,Ambilobe,MG,2022-05-08 22:13:17,-13.2,49.05,72.19,93,19,3.38
380,Napanee,CA,2022-05-08 22:12:42,44.2501,-76.9494,65.57,51,0,6.89
381,Areia Branca,BR,2022-05-08 22:13:18,-4.9561,-37.1369,81.0,78,100,13.38
382,Tianpeng,CN,2022-05-08 22:13:19,30.9866,103.9393,64.99,93,100,8.48
383,Tortosa,ES,2022-05-08 22:13:20,40.8125,0.5216,59.25,75,97,2.04
384,Juneau,US,2022-05-08 22:13:20,58.3019,-134.4197,60.8,100,20,9.22
385,San Policarpo,PH,2022-05-08 22:13:21,12.1791,125.5072,81.34,78,61,8.77
386,San Quintin,MX,2022-05-08 22:13:22,30.4833,-115.95,63.21,64,0,22.91
387,Mitsamiouli,KM,2022-05-08 22:13:23,-11.3847,43.2844,81.03,77,35,5.55
388,Edgewater,US,2022-05-08 22:13:22,28.9889,-80.9023,85.12,61,20,11.5
389,Filadelfia,US,2022-05-08 22:11:02,39.9523,-75.1638,62.1,38,75,19.57
390,Salym,RU,2022-05-08 22:13:24,60.0625,71.4789,40.75,92,45,5.35
391,Angul,IN,2022-05-08 22:09:03,20.85,85.1,78.21,85,93,3.89
392,General Cepeda,MX,2022-05-08 22:13:25,25.3833,-101.45,94.86,7,24,15.57
393,Urucara,BR,2022-05-08 22:13:26,-2.5364,-57.76,75.22,97,87,2.59
394,Nipawin,CA,2022-05-08 22:13:27,53.3668,-104.0009,55.71,44,89,14.32
395,Xiamen,CN,2022-05-08 22:13:27,24.4798,118.0819,71.26,95,100,6.8
396,Buala,SB,2022-05-08 22:13:28,-8.145,159.5921,83.12,80,98,9.91
397,Yashan,CN,2022-05-08 22:13:29,22.1975,109.9419,69.39,94,97,2.48
398,Katobu,ID,2022-05-08 22:13:30,-4.9408,122.5276,76.96,90,100,2.62
399,Dongning,CN,2022-05-08 22:13:30,44.0622,131.1207,49.06,46,90,5.93
400,Half Moon Bay,US,2022-05-08 22:10:09,37.4636,-122.4286,63.05,56,0,29.93
401,Kovdor,RU,2022-05-08 22:13:31,67.5662,30.4758,29.91,84,91,3.91
402,Ambon,ID,2022-05-08 22:13:32,-3.6954,128.1814,77.14,94,40,2.3
403,Camacha,PT,2022-05-08 22:13:33,33.0833,-16.3333,58.42,72,20,6.91
404,Narbonne,FR,2022-05-08 22:13:34,43.0833,2.8333,64.8,54,91,3.53
405,Northam,GB,2022-05-08 22:13:34,51.0333,-4.2167,54.39,74,37,8.05
406,Havre-Saint-Pierre,CA,2022-05-08 22:13:35,50.2334,-63.5986,41.36,72,20,16.51
407,Buarcos,PT,2022-05-08 22:13:36,40.166,-8.8768,56.66,86,6,5.44
408,Bathsheba,BB,2022-05-08 22:13:36,13.2167,-59.5167,81.21,78,20,16.11
409,Merauke,ID,2022-05-08 22:13:37,-8.4667,140.3333,80.78,89,100,10.56
410,Sirjan,IR,2022-05-08 22:13:38,29.452,55.6814,64.42,35,0,5.35
411,Matehuala,MX,2022-05-08 22:13:15,23.65,-100.65,94.62,7,1,5.14
412,Sorong,ID,2022-05-08 22:13:39,-0.8833,131.25,79.65,87,100,5.19
413,Aykhal,RU,2022-05-08 22:13:40,66.0,111.5,8.69,97,98,9.22
414,Rangapara,IN,2022-05-08 22:14:41,26.8167,92.65,72.43,82,3,4.88
415,Santa Rosa,PH,2022-05-08 22:14:42,14.3122,121.1114,83.08,79,53,7.58
416,Deoband,IN,2022-05-08 22:14:43,29.7,77.6833,80.73,25,0,7.25
417,Aswan,EG,2022-05-08 22:14:44,24.0934,32.907,84.27,15,0,8.97
418,Baruun-Urt,MN,2022-05-08 22:14:45,46.6806,113.2792,53.64,27,97,23.17
419,Kloulklubed,PW,2022-05-08 22:14:45,7.0419,134.2556,75.7,83,100,18.97
420,Banepa,NP,2022-05-08 22:14:46,27.6298,85.5214,62.92,94,75,0.0
421,Beloha,MG,2022-05-08 22:14:47,-25.1667,45.05,71.06,80,33,1.25
422,Miri,MY,2022-05-08 22:14:47,4.4148,114.0089,78.1,91,98,4.07
423,Ornskoldsvik,SE,2022-05-08 22:14:48,63.2909,18.7153,40.15,60,40,6.91
424,Muros,ES,2022-05-08 22:14:49,42.7762,-9.0603,60.67,72,64,5.64
425,Oxbow,CA,2022-05-08 22:14:50,49.2333,-102.1676,59.27,49,98,24.56
426,Pingliang,CN,2022-05-08 22:14:50,35.5392,106.6861,45.72,89,89,1.74
427,Hof,DE,2022-05-08 22:14:51,50.3167,11.9167,52.63,73,18,10.0
428,Xocali,AZ,2022-05-08 22:14:52,39.913,46.7903,50.76,96,100,0.76
429,Pecos,US,2022-05-08 22:14:43,31.4229,-103.4932,101.23,3,0,23.02
430,Kendari,ID,2022-05-08 22:14:53,-3.945,122.4989,76.39,94,100,3.83
431,Beringovskiy,RU,2022-05-08 22:14:53,63.05,179.3167,35.73,69,40,18.07
432,Saint-Georges,GD,2022-05-08 22:14:54,12.0564,-61.7485,79.9,77,28,12.33
433,Zhongshu,CN,2022-05-08 22:14:55,24.5167,103.7667,58.5,98,49,2.26
434,Tura,IN,2022-05-08 22:14:56,25.5198,90.2201,70.68,87,9,4.32
435,Prata,BR,2022-05-08 22:14:56,-19.3072,-48.9242,73.15,62,30,5.12
436,Listvyanka,RU,2022-05-08 22:14:57,51.8535,104.8693,31.46,65,93,15.95
437,Ecoporanga,BR,2022-05-08 22:14:58,-18.3733,-40.8306,70.52,81,47,7.0
438,Drayton Valley,CA,2022-05-08 22:14:59,53.2168,-114.9854,44.24,46,100,14.92
439,Bonthe,SL,2022-05-08 22:14:59,7.5264,-12.505,78.42,84,100,5.35
440,Eyl,SO,2022-05-08 22:15:00,7.9803,49.8164,83.19,79,50,8.39
441,Chuy,UY,2022-05-08 22:15:01,-33.6971,-53.4616,59.22,78,3,4.09
442,Yining,CN,2022-05-08 22:15:06,29.0361,114.5636,67.12,98,87,1.19
443,Hurghada,EG,2022-05-08 22:12:37,27.2574,33.8129,76.5,33,81,5.37
444,Urdoma,RU,2022-05-08 22:15:07,61.7533,48.5442,52.27,71,100,11.48
445,Talnakh,RU,2022-05-08 22:15:08,69.4865,88.3972,11.21,96,83,9.55
446,Kaka,TM,2022-05-08 22:15:09,37.3482,59.6143,66.06,83,95,11.32
447,Narasannapeta,IN,2022-05-08 22:15:09,18.4167,84.05,81.63,76,76,8.68
448,Portland,US,2022-05-08 22:15:10,45.5234,-122.6762,49.95,84,75,8.01
449,Aracoiaba,BR,2022-05-08 22:15:11,-4.3711,-38.8142,75.67,90,100,2.89
450,San Ramon,US,2022-05-08 22:13:16,37.7799,-121.978,63.21,44,0,21.85
451,Coahuayana,MX,2022-05-08 22:15:12,18.7333,-103.6833,86.38,51,12,7.02
452,Berlevag,NO,2022-05-08 22:14:43,70.8578,29.0864,30.15,80,100,17.27
453,Baracoa,CU,2022-05-08 22:15:13,20.3467,-74.4958,84.63,66,8,0.6
454,Nizhnyaya Tavda,RU,2022-05-08 22:15:14,57.6731,66.1725,47.52,61,45,5.1
455,Glinka,RU,2022-05-08 22:15:15,54.6404,32.8781,41.95,80,100,7.27
456,Huicungo,PE,2022-05-08 22:16:16,-7.2833,-76.8,77.45,89,58,1.34
457,Dehloran,IR,2022-05-08 22:16:17,32.6941,47.2679,72.41,24,0,5.1
458,Keskin,TR,2022-05-08 22:16:17,39.6731,33.6136,43.9,69,85,2.42
459,Chkalovskoye,RU,2022-05-08 22:16:18,44.8392,133.0436,47.3,51,54,6.15
460,Isangel,VU,2022-05-08 22:16:19,-19.55,169.2667,77.07,67,29,14.99
461,Siocon,PH,2022-05-08 22:16:20,7.7061,122.1353,79.14,87,91,2.46
462,Shimoda,JP,2022-05-08 22:16:20,34.6667,138.95,59.11,82,99,3.04
463,Olafsvik,IS,2022-05-08 22:16:21,64.8945,-23.7142,43.93,90,100,19.33
464,Madang,PG,2022-05-08 22:16:22,-5.2246,145.7966,80.89,87,100,6.73
465,Abu Samrah,SY,2022-05-08 22:16:22,35.3029,37.1841,60.66,55,8,4.38
466,Lasa,IT,2022-05-08 22:16:23,46.6166,10.7002,52.68,96,99,1.16
467,San Miguel De Cauri,PE,2022-05-08 22:16:24,-10.1,-76.5833,52.0,72,95,6.53
468,Ust-Koksa,RU,2022-05-08 22:16:25,50.2696,85.6108,33.17,66,0,0.38
469,Awallan,PH,2022-05-08 22:16:25,17.9244,121.913,75.69,91,63,3.29
470,Rio Grande,BR,2022-05-08 22:16:26,-32.035,-52.0986,61.95,84,0,9.46
471,Bintulu,MY,2022-05-08 22:16:27,3.1667,113.0333,75.61,100,40,3.44
472,Husavik,IS,2022-05-08 22:16:27,66.0449,-17.3389,41.34,91,98,4.34
473,Haines Junction,CA,2022-05-08 22:16:28,60.7522,-137.5108,49.95,34,11,5.75
474,Ittiri,IT,2022-05-08 22:16:29,40.5929,8.5684,52.7,89,24,3.53
475,Whithorn,JM,2022-05-08 22:16:30,18.2604,-78.0378,80.44,68,66,2.21
476,Hendek,TR,2022-05-08 22:16:30,40.7994,30.7481,44.76,92,88,1.36
477,Ornes,NO,2022-05-08 22:16:31,66.8689,13.7078,35.91,98,100,10.49
478,Grindavik,IS,2022-05-08 22:16:32,63.8424,-22.4338,50.47,93,100,21.85
479,Rondonopolis,BR,2022-05-08 22:16:32,-16.4708,-54.6356,75.16,41,3,2.53
480,Cochabamba,BO,2022-05-08 22:11:54,-17.3895,-66.1568,65.95,37,40,6.91
481,Sale,MA,2022-05-08 22:16:34,34.0389,-6.8166,71.64,100,7,0.0
482,Nevers,FR,2022-05-08 22:16:35,46.9167,3.3333,55.71,76,0,3.78
483,Ocos,GT,2022-05-08 22:16:35,14.5094,-92.1933,89.78,68,100,8.84
484,Lososina,RU,2022-05-08 22:16:36,48.9975,140.3106,41.14,74,100,9.06
485,Madera,US,2022-05-08 22:16:30,37.1666,-119.8343,68.09,24,24,14.54
486,Veracruz,MX,2022-05-08 22:16:37,19.3333,-96.6667,100.11,27,8,9.8
487,Rock Sound,BS,2022-05-08 22:12:57,24.9,-76.2,79.75,74,34,8.88
488,San Rafael,AR,2022-05-08 22:16:38,-34.6177,-68.3301,67.69,27,17,14.65
489,Adrar,MR,2022-05-08 22:16:39,20.5022,-10.0711,89.26,12,38,5.82
490,Urcos,PE,2022-05-08 22:16:40,-13.6861,-71.6228,66.09,55,40,4.9
491,Tiznit,MA,2022-05-08 22:16:40,29.5833,-9.5,78.93,19,15,3.04
492,Mabaruma,GY,2022-05-08 22:16:41,8.2,-59.7833,75.56,96,85,4.05
493,Ust-Kulom,RU,2022-05-08 22:16:42,61.6864,53.6902,47.86,67,18,8.81
494,Kismayo,SO,2022-05-08 22:16:43,-0.3582,42.5454,79.88,86,97,13.58
495,Leh,IN,2022-05-08 22:16:43,34.1667,77.5833,44.89,52,2,4.14
496,Chipinge,ZW,2022-05-08 22:16:44,-20.1883,32.6236,60.1,80,28,4.25
497,Carlyle,US,2022-05-08 22:16:45,38.6103,-89.3726,75.13,57,100,11.99
498,Bin Qirdan,TN,2022-05-08 22:16:46,33.1378,11.2197,66.56,56,14,5.91
499,Rosario Oeste,BR,2022-05-08 22:16:47,-14.8361,-56.4275,75.78,50,36,3.4
500,Lata,PT,2022-05-08 22:16:47,40.1629,-8.3327,58.05,76,6,0.92
501,Saint-Joseph,RE,2022-05-08 22:16:48,-21.3667,55.6167,70.18,82,16,7.96
502,Wajir,KE,2022-05-08 22:16:49,1.7471,40.0573,78.55,74,89,14.32
503,Praia Da Vitoria,PT,2022-05-08 22:17:49,38.7333,-27.0667,64.65,77,20,0.38
504,Petropavlovsk-Kamchatskiy,RU,2022-05-08 22:17:29,53.0452,158.6483,37.99,100,100,8.95
505,Luziania,BR,2022-05-08 22:17:51,-16.2525,-47.9503,76.69,53,98,4.25
506,Tual,ID,2022-05-08 22:17:51,-5.6667,132.75,84.31,76,100,11.52
507,Teguldet,RU,2022-05-08 22:17:52,57.3064,88.1667,26.85,62,0,3.44
508,Bumba,CD,2022-05-08 22:17:53,2.1833,22.4667,72.72,85,90,3.11
509,Rodniki,RU,2022-05-08 22:17:54,57.1051,41.7305,47.66,95,100,8.66
510,Buenos Aires,AR,2022-05-08 22:13:17,-34.6132,-58.3772,66.78,68,0,0.0
511,Beihai,CN,2022-05-08 22:17:55,21.4833,109.1,75.4,91,100,15.43
512,Grimma,DE,2022-05-08 22:17:56,51.2333,12.7167,52.68,68,15,6.69
513,Dispur,IN,2022-05-08 22:17:57,26.1425,91.7889,74.17,84,3,2.66
514,Santiago,CL,2022-05-08 22:17:57,-33.4569,-70.6483,63.18,72,100,5.75
515,Mayor Pablo Lagerenza,PY,2022-05-08 22:17:58,-19.9309,-60.7718,82.11,36,46,4.79
516,Ithaki,GR,2022-05-08 22:17:59,38.3642,20.7185,62.85,77,39,4.54
517,Novaya Mayna,RU,2022-05-08 22:18:00,54.15,49.75,46.96,61,19,3.36
518,Atambua,ID,2022-05-08 22:18:00,-9.1061,124.8925,72.75,84,27,8.46
519,Burley,US,2022-05-08 22:16:06,42.5357,-113.7928,43.29,70,40,10.36
520,Torit,SS,2022-05-08 22:18:02,4.4133,32.5678,72.43,85,93,1.97
521,Tinaquillo,VE,2022-05-08 22:18:02,9.9186,-68.3047,71.67,66,74,2.95
522,Kondinskoye,RU,2022-05-08 22:18:03,59.6481,67.41,46.06,79,60,6.4
523,Ukiah,US,2022-05-08 22:18:04,39.1502,-123.2078,53.85,74,75,10.36
524,Azare,NG,2022-05-08 22:18:05,11.6765,10.1948,92.1,31,16,8.23
525,Mattru,SL,2022-05-08 22:18:05,7.6244,-11.8332,75.76,93,100,2.82
526,Kumertau,RU,2022-05-08 22:18:06,52.7667,55.7833,48.76,40,100,6.22
527,Mujiayingzi,CN,2022-05-08 22:18:07,42.1167,118.7833,46.38,45,0,6.02
528,Luganville,VU,2022-05-08 22:18:08,-15.5333,167.1667,79.65,70,81,13.73
529,Kuching,MY,2022-05-08 22:17:35,1.55,110.3333,75.42,100,40,6.91
530,Araguaina,BR,2022-05-08 22:15:25,-7.1911,-48.2072,78.31,59,64,2.59
531,Klyuchi,RU,2022-05-08 22:18:10,52.2667,79.1667,45.79,59,8,5.14
532,Altamont,US,2022-05-08 22:18:11,42.2068,-121.7372,40.39,75,75,13.8
533,Okhotsk,RU,2022-05-08 22:18:12,59.3833,143.3,36.07,81,24,3.36
534,Kihei,US,2022-05-08 22:16:42,20.785,-156.4656,86.02,75,40,17.27
535,Wawa,NG,2022-05-08 22:18:13,9.9022,4.4192,78.89,76,100,0.89
536,Porto Novo,BJ,2022-05-08 22:18:14,6.4965,2.6036,84.02,83,36,9.75
537,Porto De Moz,BR,2022-05-08 22:18:14,-1.7483,-52.2383,74.82,96,100,3.22
538,San Carlos,VE,2022-05-08 22:18:15,9.6612,-68.5827,84.45,64,87,2.71
539,Bongandanga,CD,2022-05-08 22:18:16,1.5,21.05,73.47,86,92,3.13
540,Sibolga,ID,2022-05-08 22:18:16,1.7427,98.7792,76.39,87,98,3.11
541,Ciudad Bolivar,VE,2022-05-08 22:18:17,8.1222,-63.5497,84.07,67,89,9.82
542,Saint-Pierre,RE,2022-05-08 22:18:18,-21.3393,55.4781,71.28,68,0,8.05
543,Itoman,JP,2022-05-08 22:18:19,26.1247,127.6694,77.02,88,75,6.91
544,Minab,IR,2022-05-08 22:18:19,27.1467,57.0801,82.72,44,0,2.3
545,Soure,BR,2022-05-08 22:18:20,-0.7167,-48.5233,76.32,92,100,7.45
546,Dubbo,AU,2022-05-08 22:18:21,-32.25,148.6167,46.53,87,0,10.36
547,Vestmannaeyjar,IS,2022-05-08 22:19:21,63.4427,-20.2734,47.77,94,100,25.37
548,Arona,ES,2022-05-08 22:14:30,28.0996,-16.681,69.03,68,20,18.41
